SL No:,Costomer,Month,Amount,
1,A1,12-Jan-04,331844.0074,
2,A1,3-Jan-04,441139.8073,
3,A1,15-Jan-04,32480.00401,
4,A1,25-Jan-04,90636.96653,
5,A1,17-Jan-05,1581.969829,
6,A1,23-Feb-05,357678.5077,
7,A1,1-Feb-05,280990.7099,
8,A8,5-Feb-04,117697.0531,
9,A9,28-Feb-05,8047.30078,
10,A10,16-Feb-05,407418.8054,
11,A11,23-Feb-05,243698.7151,
12,A12,3-Feb-05,227656.5662,
13,A13,4-Feb-06,106283.1277,
14,A14,25-Mar-06,96146.7244,
15,A15,31-Mar-06,18442.56466,
16,A16,23-Mar-06,32572.99594,
17,A17,19-Mar-04,81234.97616,
18,A18,5-Mar-06,37267.14608,
19,A19,4-Apr-05,145772.9096,
20,A20,30-Apr-06,102397.9212,
21,A21,25-Apr-04,460016.6972,
22,A22,19-Apr-06,404304.945,
23,A23,6-Apr-04,8272.409286,
24,A24,27-Apr-05,466260.6662,
25,A25,5-May-04,95647.21488,
26,A26,6-May-06,239200.1315,
27,A27,7-May-05,385039.8781,
28,A28,8-May-06,366873.6439,
29,A29,9-May-05,58900.84433,
30,A30,10-May-06,91244.23661,
31,A31,11-Jul-06,263967.7513,
32,A32,12-Aug-05,411427.2117,
33,A33,13-Sep-04,331595.3006,
34,A34,20-Nov-05,90559.83177,
35,A35,21-Nov-06,16122.00472,
36,A36,22-Nov-05,340590.8568,
37,A37,23-Nov-04,96556.24986,
38,A38,24-May-05,347182.069,
39,A39,25-May-05,163175.3584,
40,A40,26-May-05,72623.86055,
41,A41,27-May-05,277409.5985,
42,A42,28-May-05,98456.53392,
43,A43,29-May-05,146564.7645,
44,A44,30-May-05,288996.3484,
45,A45,31-May-05,293688.2408,
46,A46,1-Jun-05,301199.2729,
47,A47,2-Jun-05,377938.4845,
48,A48,3-Jun-05,228150.4312,
49,A49,3-Jul-05,339510.7508,
50,A50,3-Aug-05,201700.3621,
51,A51,3-Sep-05,102976.5967,
52,A52,3-Oct-05,181406.0056,
53,A53,3-Nov-05,476902.8656,
54,A54,3-Dec-05,125570.2469,
55,A55,3-Jan-06,54746.56515,
56,A56,3-Feb-06,347726.4508,
57,A57,3-Mar-06,312146.4745,
58,A58,3-Apr-06,341489.2942,
59,A59,3-May-06,9698.817214,
60,A60,3-Jun-06,312845.1078,
61,A61,3-Jul-06,110103.6656,
62,A60,3-Aug-06,396683.9016,
63,A61,3-Sep-06,98417.29465,
64,A62,3-Oct-06,368109.7797,
65,A63,3-Nov-06,23396.05326,
66,A64,3-Dec-06,355797.5885,
67,A65,12-Jan-04,204573.1451,
68,A66,3-Jan-04,464913.3229,
69,A67,15-Jan-04,37163.67026,
70,A68,25-Jan-04,328774.0094,
71,A69,17-Jan-05,377100.9947,
72,A70,23-Feb-05,450773.3339,
73,A71,1-Feb-05,74698.56515,
74,A72,5-Feb-04,14701.06795,
75,A73,28-Feb-05,263964.0196,
76,A74,16-Feb-05,465913.8103,
77,A75,23-Feb-05,373215.9394,
78,A76,3-Feb-05,443981.92,
79,A77,4-Feb-06,246889.8841,
80,A78,25-Mar-06,117170.0003,
81,A79,31-Mar-06,497836.7173,
82,A80,23-Mar-06,444153.0417,
83,A81,24-Mar-06,339353.4482,
84,A82,25-Mar-06,443599.6726,
85,A83,26-Mar-06,342049.6309,
86,A84,27-Mar-06,484932.0674,
87,A85,28-Mar-06,413987.8916,
88,A86,29-Mar-06,340688.4688,
89,A87,30-Mar-06,4530.088583,
90,A88,31-Mar-06,212433.985,
91,A89,1-Apr-06,17082.89397,
92,A90,2-Apr-06,17066.08123,
93,A91,3-Apr-06,380555.1244,
94,A92,4-Apr-06,416945.6249,
95,A93,12-Jan-04,74576.49058,
96,A94,3-Jan-04,136101.6297,
97,A95,15-Jan-04,75109.49223,
98,A96,25-Jan-04,110139.0141,
99,A97,12-Jan-04,174606.3923,
100,A98,3-Jan-04,97802.599,
101,A99,15-Jan-04,358589.9243,
102,A100,25-Jan-04,151141.3919,
103,A1,12-Jan-04,390074.79,
104,A2,3-Jan-04,370300.174,
105,A3,15-Jan-04,44049.58031,
106,A4,25-Jan-04,107590.8079,
107,A5,12-Jan-04,411933.7099,
108,A6,3-Jan-04,497144.9776,
109,A7,15-Jan-04,398909.853,
110,A8,12-Jan-04,339052.5258,
111,A9,3-Jan-04,179154.5766,
112,A10,15-Jan-04,442636.509,
113,A11,25-Jan-04,383289.074,
114,A12,17-Jan-05,29185.27369,
115,A13,23-Feb-05,248366.5858,
116,A14,1-Feb-05,261483.7499,
117,A1,5-Feb-04,191180.0116,
118,A2,28-Feb-05,236379.3687,
119,A3,16-Feb-05,9703.658754,
120,A4,23-Feb-05,342562.7198,
121,A5,3-Feb-05,472368.7952,
122,A6,4-Feb-06,346935.1713,
123,A7,25-Mar-06,85760.17752,
124,A8,31-Mar-06,307768.2659,
125,A9,23-Mar-06,411958.0696,
126,A10,19-Mar-04,266929.3785,
127,A11,5-Mar-06,1129.543601,
128,A12,4-Apr-05,328164.5473,
129,A13,30-Apr-06,395044.2926,
130,A14,25-Apr-04,13833.10797,
131,A1,19-Apr-06,201381.0109,
132,A2,6-Apr-04,465023.051,
133,A3,27-Apr-05,206197.1055,
134,A4,5-May-04,232258.5822,
135,A5,6-May-06,169470.2565,
136,A6,7-May-05,456269.8066,
137,A7,8-May-06,301369.6373,
138,A8,9-May-05,304499.0369,
139,A9,10-May-06,146457.9902,
140,A10,11-Jul-06,427415.0847,
141,A11,12-Aug-05,127001.6059,
142,A12,13-Sep-04,258170.492,
143,A13,20-Nov-05,175025.8408,
144,A14,21-Nov-06,361238.1513,
145,A1,22-Nov-05,278486.4156,
146,A2,23-Nov-04,102881.2319,
147,A3,24-May-05,195372.0609,
148,A4,25-May-05,24359.25193,
149,A5,5-May-04,437597.2752,
150,A6,6-May-06,324653.763,
151,A7,7-May-05,146635.2891,
152,A8,8-May-06,80652.48295,
153,A9,9-May-05,261194.8427,
154,A10,10-May-06,298502.7829,
155,A11,11-Jul-06,54897.90719,
156,A12,12-Aug-05,378564.0271,
157,A13,13-Sep-04,421263.9159,
158,A14,20-Nov-05,442218.8046,
159,A1,21-Nov-06,17931.39929,
160,A2,22-Nov-05,489679.3665,
161,A3,23-Nov-04,67503.62106,
162,A4,24-May-05,82410.78292,
163,A5,25-May-05,86059.5716,
164,A6,26-May-05,477556.701,
165,A7,27-May-05,493282.7686,
166,A8,28-May-05,203737.9197,
167,A9,29-May-05,363644.3497,
168,A10,30-May-05,231924.7984,
169,A11,31-May-05,320686.8953,
170,A12,1-Jun-05,447792.8225,
171,A13,2-Jun-05,220353.0373,
172,A14,3-Jun-05,76801.18338,
173,A1,3-Jul-05,300581.7031,
174,A2,3-Aug-05,323308.5406,
175,A3,3-Sep-05,283969.0626,
176,A4,3-Oct-05,397034.5913,
177,A5,3-Nov-05,258609.6801,
178,A6,3-Dec-05,484897.0578,
179,A7,3-Jan-06,454917.0147,
180,A8,3-Feb-06,148411.558,
181,A9,3-Mar-06,264430.1705,
182,A10,3-Apr-06,384460.1856,
183,A11,3-May-06,398856.0186,
184,A12,3-Jun-06,451548.9004,
185,A13,3-Jul-06,187077.4687,
186,A14,3-Aug-06,19420.39708,
187,A1,3-Sep-06,108320.1205,
188,A2,3-Oct-06,414752.806,
189,A3,3-Nov-06,329095.5579,
190,A4,3-Dec-06,196563.7558,
191,A5,12-Jan-04,429161.1622,
192,A6,3-Jan-04,50982.88414,
193,A7,15-Jan-04,485964.9328,
194,A8,25-Jan-04,138661.8988,
195,A9,17-Jan-05,401535.7749,
196,A10,23-Feb-05,425012.1538,
197,A11,1-Feb-05,369978.4207,
198,A12,5-Feb-04,243130.4002,
199,A13,28-Feb-05,388606.3947,
200,A14,16-Feb-05,195535.4172,
201,A1,23-Feb-05,315077.2866,
202,A2,3-Feb-05,183548.1716,
203,A3,4-Feb-06,114248.4719,
204,A4,25-Mar-06,181662.2953,
205,A5,31-Mar-06,365007.5043,
206,A6,23-Mar-06,389251.1002,
207,A7,24-Mar-06,56727.66849,
208,A8,25-Mar-06,152582.8651,
209,A9,26-Mar-06,216841.8,
210,A10,27-Mar-06,19498.61864,
211,A11,28-Mar-06,159560.6689,
212,A12,29-Mar-06,303711.7998,
213,A13,30-Mar-06,187543.3153,
214,A14,31-Mar-06,42748.46172,
215,A1,1-Apr-06,169892.2635,
216,A2,2-Apr-06,346376.7399,
217,A3,3-Apr-06,315238.8082,
218,A4,4-Apr-06,493715.4111,
219,A5,12-Jan-04,266735.7612,
220,A6,3-Jan-04,410440.713,
221,A7,15-Jan-04,202182.8869,
222,A8,25-Jan-04,138857.4494,
223,A9,12-Jan-04,20774.61519,
224,A10,3-Jan-04,416029.3183,
225,A11,15-Jan-04,382565.2306,
226,A12,25-Jan-04,35524.69619,
227,A13,12-Jan-04,57824.03329,
228,A14,3-Jan-04,211417.2266,
229,A1,15-Jan-04,76599.65988,
230,A2,25-Jan-04,293779.1934,
231,A3,12-Jan-04,90671.32561,
232,A4,3-Jan-04,142340.7592,
233,A5,15-Jan-04,265219.6793,
234,A6,12-Jan-04,161197.5496,
235,A7,3-Jan-04,394259.489,
236,A8,15-Jan-04,231804.525,
237,A9,25-Jan-04,267273.4761,
238,A10,17-Jan-05,446068.3285,
239,A11,23-Feb-05,269376.8098,
240,A12,1-Feb-05,450018.5096,
241,A13,5-Feb-04,132568.387,
242,A14,28-Feb-05,427175.2794,
243,A1,16-Feb-05,246061.1203,
244,A2,23-Feb-05,427223.5231,
245,A3,3-Feb-05,398994.8448,
246,A4,4-Feb-06,306925.5307,
247,A5,25-Mar-06,211171.1028,
248,A6,31-Mar-06,123887.1924,
249,A7,23-Mar-06,5506.960772,
250,A8,19-Mar-04,153081.1889,
251,A9,5-Mar-06,380665.3372,
252,A10,4-Apr-05,279491.6147,
253,A11,30-Apr-06,258507.9555,
254,A12,25-Apr-04,397648.5597,
255,A13,19-Apr-06,301820.7513,
256,A14,6-Apr-04,103535.1465,
257,A5,27-Apr-05,378853.7344,
258,A6,5-May-04,140288.4188,
259,A7,6-May-06,376502.408,
260,A8,7-May-05,451103.4513,
261,A9,8-May-06,23702.75108,
262,A10,9-May-05,437786.6819,
263,A11,10-May-06,25990.37627,
264,A12,11-Jul-06,191782.8092,
265,A13,12-Aug-05,451930.4517,
266,A14,5-May-04,345625.0486,
267,A15,6-May-06,133920.3345,
268,A16,7-May-05,17679.13143,
269,A17,8-May-06,156265.2689,
270,A18,9-May-05,415057.5009,
271,A19,10-May-06,128725.8164,
272,A20,11-Jul-06,163510.7467,
273,A21,12-Aug-05,97593.8721,
274,A22,13-Sep-04,372525.526,
275,A5,20-Nov-05,270974.1472,
276,A6,21-Nov-06,447803.6972,
277,A7,22-Nov-05,41172.91345,
278,A8,23-Nov-04,138918.6036,
279,A9,24-May-05,49627.85441,
280,A10,25-May-05,225984.6944,
281,A11,26-May-05,353747.5782,
282,A12,27-May-05,402381.8272,
283,A13,28-May-05,426100.8463,
284,A14,29-May-05,321027.9595,
285,A15,30-May-05,177717.22,
286,A16,31-May-05,119941.0849,
287,A17,1-Jun-05,311958.1051,
288,A18,2-Jun-05,205230.8757,
289,A19,3-Jun-05,106706.0105,
290,A20,3-Jul-05,3430.065043,
291,A21,3-Aug-05,292793.6912,
292,A22,3-Sep-05,161525.2289,
293,A5,3-Oct-05,278963.6413,
294,A6,3-Nov-05,18319.88657,
295,A7,3-Dec-05,171181.7515,
296,A8,3-Jan-06,318311.3794,
297,A9,3-Feb-06,478684.1983,
298,A10,3-Mar-06,106458.1004,
299,A11,3-Apr-06,413031.3591,
300,A12,3-May-06,78278.1211,
301,A13,3-Jun-06,301881.8381,
302,A14,3-Jul-06,110088.1903,
303,A15,3-Aug-06,399543.7589,
304,A16,3-Sep-06,270022.6551,
305,A17,3-Oct-06,316781.3784,
306,A18,3-Nov-06,448065.36,
307,A19,3-Dec-06,283448.7169,
308,A20,12-Jan-04,323847.326,
309,A21,3-Jan-04,68929.58609,
310,A22,15-Jan-04,488713.1158,
311,A5,25-Jan-04,291289.8562,
312,A6,17-Jan-05,387305.9873,
313,A7,23-Feb-05,351308.8202,
314,A8,1-Feb-05,481609.5135,
315,A9,5-Feb-04,384894.321,
316,A10,28-Feb-05,77711.34393,
317,A11,16-Feb-05,222984.14,
318,A12,23-Feb-05,127221.2777,
319,A13,3-Feb-05,363666.4165,
320,A14,4-Feb-06,291397.6069,
321,A15,25-Mar-06,362261.231,
322,A16,31-Mar-06,103566.5802,
323,A17,23-Mar-06,254878.2593,
324,A18,24-Mar-06,482946.6849,
325,A19,25-Mar-06,140223.8967,
326,A20,26-Mar-06,379612.4799,
327,A21,27-Mar-06,247506.4972,
328,A22,28-Mar-06,369684.3086,
329,A5,29-Mar-06,394072.467,
330,A6,30-Mar-06,14250.6252,
331,A7,31-Mar-06,8041.731599,
332,A8,1-Apr-06,126099.4172,
333,A9,2-Apr-06,250393.185,
334,A10,3-Apr-06,45651.90134,
335,A11,4-Apr-06,463465.9617,
336,A12,12-Jan-04,21587.96999,
337,A13,3-Jan-04,231354.4244,
338,A14,15-Jan-04,95782.30897,
339,A15,25-Jan-04,458809.0968,
340,A16,12-Jan-04,145837.3777,
341,A17,3-Jan-04,230963.9106,
342,A18,15-Jan-04,494635.7135,
343,A19,25-Jan-04,305448.6728,
344,A20,12-Jan-04,143408.7137,
345,A21,3-Jan-04,49018.03048,
346,A22,15-Jan-04,46395.0592,
347,A5,25-Jan-04,137698.5435,
348,A6,12-Jan-04,212280.3086,
349,A7,3-Jan-04,165274.434,
350,A8,15-Jan-04,458870.8641,
351,A9,12-Jan-04,334885.3886,
352,A10,3-Jan-04,291331.2563,
353,A11,15-Jan-04,286532.0135,
354,A12,25-Jan-04,58345.11697,
355,A13,17-Jan-05,192122.8619,
356,A14,23-Feb-05,379742.1112,
357,A15,1-Feb-05,222574.5624,
358,A16,5-Feb-04,31407.93517,
359,A17,28-Feb-05,204543.4184,
360,A18,16-Feb-05,397999.6561,
361,A19,23-Feb-05,232774.6384,
362,A20,3-Feb-05,156044.6807,
363,A21,4-Feb-06,168872.7752,
364,A22,25-Mar-06,56836.58373,
365,A12,31-Mar-06,104026.9382,
366,A13,23-Mar-06,432182.9224,
367,A14,19-Mar-04,309081.9588,
368,A15,5-Mar-06,252226.7187,
369,A16,4-Apr-05,381663.8194,
370,A17,30-Apr-06,22353.12423,
371,A18,25-Apr-04,397962.7389,
372,A19,19-Apr-06,238146.3861,
373,A20,6-Apr-04,290279.5607,
374,A21,27-Apr-05,149638.5888,
375,A22,5-May-04,400619.7206,
376,A23,6-May-06,485455.1795,
377,A24,7-May-05,16904.36249,
378,A25,8-May-06,21809.17434,
379,A26,9-May-05,468185.8928,
380,A27,10-May-06,86546.29591,
381,A28,11-Jul-06,289563.2109,
382,A29,12-Aug-05,453843.064,
383,A30,5-May-04,177962.4137,
384,A12,6-May-06,340346.3911,
385,A13,7-May-05,412542.6659,
386,A14,8-May-06,446465.9184,
387,A15,9-May-05,14229.49133,
388,A16,10-May-06,180308.7577,
389,A17,11-Jul-06,466381.3788,
390,A18,12-Aug-05,158055.1495,
391,A19,13-Sep-04,360514.8184,
392,A20,20-Nov-05,329070.394,
393,A21,21-Nov-06,406325.922,
394,A22,22-Nov-05,68275.79908,
395,A23,23-Nov-04,460739.9855,
396,A24,24-May-05,42529.53074,
397,A25,25-May-05,280894.3862,
398,A26,26-May-05,412279.9222,
399,A27,27-May-05,398282.1299,
400,A28,28-May-05,387321.869,
401,A29,29-May-05,114007.3556,
402,A30,30-May-05,260717.8603,
403,A12,31-May-05,339566.0674,
404,A13,1-Jun-05,77384.6154,
405,A14,2-Jun-05,139576.0898,
406,A15,3-Jun-05,53685.19977,
407,A16,3-Jul-05,146332.284,
408,A17,3-Aug-05,67893.58209,
409,A18,3-Sep-05,462327.9428,
410,A19,3-Oct-05,488863.0336,
411,A20,3-Nov-05,458334.5624,
412,A21,3-Dec-05,36303.80396,
413,A22,3-Jan-06,295479.4038,
414,A23,3-Feb-06,39837.28308,
415,A24,3-Mar-06,91097.92723,
416,A25,3-Apr-06,116525.8851,
417,A26,3-May-06,143362.0871,
418,A27,3-Jun-06,109197.0652,
419,A28,3-Jul-06,299567.7646,
420,A29,3-Aug-06,276439.1647,
421,A30,3-Sep-06,232136.1903,
422,A12,3-Oct-06,439421.5657,
423,A13,3-Nov-06,262888.6634,
424,A14,3-Dec-06,218088.9683,
425,A15,12-Jan-04,279811.2289,
426,A16,3-Jan-04,54435.20507,
427,A17,15-Jan-04,40977.88389,
428,A18,25-Jan-04,213694.3049,
429,A19,17-Jan-05,395204.1973,
430,A20,23-Feb-05,194329.5076,
431,A21,1-Feb-05,12891.71129,
432,A22,5-Feb-04,2338.639655,
433,A23,28-Feb-05,346993.634,
434,A24,16-Feb-05,106098.7763,
435,A25,23-Feb-05,3440.493709,
436,A26,3-Feb-05,498972.675,
437,A27,4-Feb-06,378264.8781,
438,A28,25-Mar-06,67334.58687,
439,A29,31-Mar-06,494204.2799,
440,A30,23-Mar-06,164286.5509,
441,A12,24-Mar-06,245438.5949,
442,A13,25-Mar-06,255812.1666,
443,A14,26-Mar-06,471053.0405,
444,A15,27-Mar-06,17056.26413,
445,A16,28-Mar-06,415556.0487,
446,A17,29-Mar-06,323934.4872,
447,A18,30-Mar-06,109900.9723,
448,A19,31-Mar-06,411692.7784,
449,A20,1-Apr-06,150343.2846,
450,A21,2-Apr-06,21952.08445,
451,A22,3-Apr-06,403271.7648,
452,A23,4-Apr-06,168520.1159,
453,A24,12-Jan-04,96191.96878,
454,A25,3-Jan-04,352476.2674,
455,A26,15-Jan-04,170815.8326,
456,A27,25-Jan-04,190770.3502,
457,A28,12-Jan-04,54502.27228,
458,A29,3-Jan-04,100528.174,
459,A30,15-Jan-04,56968.18022,
460,A12,25-Jan-04,214084.1545,
461,A13,12-Jan-04,7057.205698,
462,A14,3-Jan-04,352072.9864,
463,A15,15-Jan-04,134419.3166,
464,A16,25-Jan-04,224910.702,
465,A17,12-Jan-04,400391.7792,
466,A18,3-Jan-04,438001.8665,
467,A19,15-Jan-04,400779.3341,
468,A20,12-Jan-04,16439.65719,
469,A21,3-Jan-04,277454.1974,
470,A22,15-Jan-04,25950.89113,
471,A23,25-Jan-04,58334.83774,
472,A24,17-Jan-05,119424.8017,
473,A25,23-Feb-05,412293.0398,
474,A26,1-Feb-05,70005.50653,
475,A27,5-Feb-04,341428.7783,
476,A28,28-Feb-05,486378.351,
477,A29,16-Feb-05,437451.9968,
478,A30,23-Feb-05,295979.8759,
479,A12,3-Feb-05,76174.2757,
480,A13,4-Feb-06,260731.1255,
481,A14,25-Mar-06,2957.833163,
482,A15,31-Mar-06,468191.7196,
483,A16,23-Mar-06,482716.5259,
484,A17,19-Mar-04,174913.1427,
485,A18,5-Mar-06,395099.5652,
486,A19,4-Apr-05,359325.9235,
487,A20,30-Apr-06,247158.7359,
488,A21,25-Apr-04,212290.201,
489,A22,19-Apr-06,359058.2532,
490,A23,6-Apr-04,173813.3902,
491,A24,27-Apr-05,270104.9788,
492,A25,5-May-04,295730.6062,
493,A26,6-May-06,256021.2546,
494,A27,7-May-05,315096.8362,
495,A28,8-May-06,200905.0916,
496,A29,9-May-05,58512.78987,
497,A30,10-May-06,158716.8907,
498,A12,11-Jul-06,173965.2097,
499,A13,12-Aug-05,484705.6609,
500,A14,5-May-04,369769.9453,
501,A15,6-May-06,66867.25001,
502,A16,7-May-05,322403.4228,
503,A17,8-May-06,358159.3287,
504,A18,9-May-05,223988.3565,
505,A19,10-May-06,376960.33,
506,A20,11-Jul-06,311456.5319,
507,A21,12-Aug-05,229244.4964,
508,A22,13-Sep-04,413847.0813,
509,A23,20-Nov-05,17068.69587,
510,A24,21-Nov-06,293906.3903,
511,A25,22-Nov-05,75660.67975,
512,A26,23-Nov-04,496338.3096,
513,A27,24-May-05,452918.1647,
514,A28,25-May-05,268133.9787,
515,A29,26-May-05,360183.4653,
516,A30,27-May-05,203286.0833,
517,A12,28-May-05,460337.8439,
518,A13,29-May-05,66308.94909,
519,A14,30-May-05,24642.56734,
520,A15,31-May-05,141898.1096,
521,A16,1-Jun-05,131664.5406,
522,A17,2-Jun-05,191097.3824,
523,A18,3-Jun-05,114021.2221,
524,A19,3-Jul-05,272845.8357,
525,A20,3-Aug-05,185852.9124,
526,A21,3-Sep-05,440036.4925,
527,A22,3-Oct-05,252242.8929,
528,A23,3-Nov-05,340076.4762,
529,A24,3-Dec-05,234532.7557,
530,A25,3-Jan-06,48211.68046,
531,A26,3-Feb-06,257878.78,
532,A27,3-Mar-06,420366.6108,
533,A28,3-Apr-06,312467.1666,
534,A29,3-May-06,441603.1271,
535,A30,3-Jun-06,12699.23748,
536,A12,3-Jul-06,228940.6639,
537,A13,3-Aug-06,43761.91754,
538,A14,3-Sep-06,350316.5069,
539,A15,3-Oct-06,283991.3127,
540,A16,3-Nov-06,421366.139,
541,A17,3-Dec-06,19422.00956,
542,A18,12-Jan-04,421511.7514,
543,A19,3-Jan-04,492482.8468,
544,A20,15-Jan-04,441299.7564,
545,A21,25-Jan-04,145898.2478,
546,A22,17-Jan-05,491841.3568,
547,A23,23-Feb-05,60577.15044,
548,A24,1-Feb-05,97314.99174,
549,A25,5-Feb-04,180779.6801,
550,A26,28-Feb-05,34061.8853,
551,A27,16-Feb-05,263808.9049,
552,A28,23-Feb-05,190729.3246,
553,A29,3-Feb-05,315602.3804,
554,A30,4-Feb-06,44479.17876,
555,A12,25-Mar-06,301847.9393,
556,A13,31-Mar-06,413997.6529,
557,A14,23-Mar-06,26487.89214,
558,A15,24-Mar-06,343507.3042,
559,A16,25-Mar-06,382691.7294,
560,A17,26-Mar-06,136604.3102,
561,A18,27-Mar-06,259080.1442,
562,A19,28-Mar-06,90958.6475,
563,A20,29-Mar-06,192389.9915,
564,A21,30-Mar-06,18320.32133,
565,A22,31-Mar-06,127219.3895,
566,A23,1-Apr-06,95313.23076,
567,A24,2-Apr-06,421003.1137,
568,A25,3-Apr-06,167334.4455,
569,A26,4-Apr-06,136830.5376,
570,A27,12-Jan-04,416770.1512,
571,A28,3-Jan-04,229024.433,
572,A29,15-Jan-04,306223.4144,
573,A30,25-Jan-04,55063.33369,
574,A12,12-Jan-04,39116.70727,
575,A13,3-Jan-04,113094.1442,
576,A14,15-Jan-04,225565.8325,
577,A15,25-Jan-04,148800.0674,
578,A16,12-Jan-04,404368.6272,
579,A17,3-Jan-04,252148.5205,
580,A18,15-Jan-04,192755.9944,
581,A19,25-Jan-04,82373.3821,
582,A20,12-Jan-04,496732.7302,
583,A21,3-Jan-04,336766.0056,
584,A22,15-Jan-04,147929.0028,
585,A23,12-Jan-04,108678.6206,
586,A24,3-Jan-04,363083.8288,
587,A25,15-Jan-04,103984.6311,
588,A26,25-Jan-04,75088.21066,
589,A27,17-Jan-05,416983.846,
590,A28,23-Feb-05,143793.4601,
591,A29,1-Feb-05,202117.4381,
592,A30,5-Feb-04,463060.7497,
593,A12,28-Feb-05,178774.0971,
594,A13,16-Feb-05,300264.2491,
595,A14,23-Feb-05,47607.2617,
596,A15,3-Feb-05,97470.57109,
597,A16,4-Feb-06,269809.6028,
598,A17,25-Mar-06,103171.0079,
599,A18,31-Mar-06,42564.26472,
600,A19,23-Mar-06,444641.2183,
601,A20,19-Mar-04,489900.5599,
602,A21,5-Mar-06,37839.41541,
603,A22,4-Apr-05,203496.4245,
604,A23,30-Apr-06,465142.1555,
605,A24,25-Apr-04,265058.6049,
606,A25,19-Apr-06,293205.5349,
607,A26,6-Apr-04,102965.7932,
608,A27,27-Apr-05,301213.6882,
609,A28,5-May-04,420081.3744,
610,A29,6-May-06,102327.1528,
611,A30,7-May-05,486647.4066,
612,A21,8-May-06,218656.8555,
613,A22,9-May-05,458680.5443,
614,A23,10-May-06,99437.17088,
615,A24,11-Jul-06,296181.255,
616,A25,12-Aug-05,107234.0347,
617,A26,5-May-04,194116.7358,
618,A27,6-May-06,119163.1391,
619,A28,7-May-05,14404.87649,
620,A29,8-May-06,482334.5381,
621,A30,9-May-05,177051.5783,
622,A31,10-May-06,341964.1426,
623,A32,11-Jul-06,136536.293,
624,A33,12-Aug-05,6654.641858,
625,A34,13-Sep-04,357130.9634,
626,A35,20-Nov-05,416010.0802,
627,A36,21-Nov-06,256688.8598,
628,A37,22-Nov-05,191622.6055,
629,A38,23-Nov-04,291568.186,
630,A39,24-May-05,168089.4823,
631,A40,25-May-05,347225.3834,
632,A41,26-May-05,203322.9689,
633,A42,27-May-05,264212.2115,
634,A43,28-May-05,117273.9728,
635,A44,29-May-05,295282.9275,
636,A45,30-May-05,202212.1714,
637,A46,31-May-05,436762.6313,
638,A47,1-Jun-05,85964.35721,
639,A48,2-Jun-05,338554.4633,
640,A49,3-Jun-05,229856.1016,
641,A21,3-Jul-05,174090.3581,
642,A22,3-Aug-05,358473.2399,
643,A23,3-Sep-05,51006.3058,
644,A24,3-Oct-05,336080.995,
645,A25,3-Nov-05,119408.9733,
646,A26,3-Dec-05,198693.4745,
647,A27,3-Jan-06,20731.15581,
648,A28,3-Feb-06,438099.2398,
649,A29,3-Mar-06,151006.8437,
650,A30,3-Apr-06,38187.8946,
651,A31,3-May-06,330261.1279,
652,A32,3-Jun-06,44010.12878,
653,A33,3-Jul-06,233334.274,
654,A34,3-Aug-06,207601.6948,
655,A35,3-Sep-06,109240.1661,
656,A36,3-Oct-06,48299.85954,
657,A37,3-Nov-06,234371.7605,
658,A38,3-Dec-06,201224.4172,
659,A39,12-Jan-04,494071.3418,
660,A40,3-Jan-04,131254.2876,
661,A41,15-Jan-04,472627.7349,
662,A42,25-Jan-04,63045.48669,
663,A43,17-Jan-05,351363.2313,
664,A44,23-Feb-05,8310.317425,
665,A45,1-Feb-05,417549.4394,
666,A46,5-Feb-04,84589.82966,
667,A47,28-Feb-05,415037.4879,
668,A48,16-Feb-05,457454.8468,
669,A49,23-Feb-05,13154.72596,
670,A21,3-Feb-05,193926.7682,
671,A22,4-Feb-06,370297.0177,
672,A23,25-Mar-06,420420.3482,
673,A24,31-Mar-06,167007.2806,
674,A25,23-Mar-06,380603.3896,
675,A26,24-Mar-06,481341.8138,
676,A27,25-Mar-06,281849.0267,
677,A28,26-Mar-06,484113.7871,
678,A29,27-Mar-06,295703.2447,
679,A30,28-Mar-06,266613.7398,
680,A31,29-Mar-06,490779.9815,
681,A32,30-Mar-06,300214.6369,
682,A33,31-Mar-06,404004.0571,
683,A34,1-Apr-06,159405.7084,
684,A35,2-Apr-06,215864.2819,
685,A36,3-Apr-06,364333.3924,
686,A37,4-Apr-06,190188.6511,
687,A38,12-Jan-04,267532.1908,
688,A39,3-Jan-04,116707.9114,
689,A40,15-Jan-04,416440.5081,
690,A41,25-Jan-04,339737.7632,
691,A42,12-Jan-04,179150.9222,
692,A43,3-Jan-04,156552.4444,
693,A44,15-Jan-04,160201.0822,
694,A45,25-Jan-04,57760.97822,
695,A46,12-Jan-04,128618.4899,
696,A47,3-Jan-04,31913.63821,
697,A48,15-Jan-04,381091.8725,
698,A49,25-Jan-04,150225.8657,
699,A21,12-Jan-04,455028.8866,
700,A22,3-Jan-04,422716.9302,
701,A23,15-Jan-04,238864.4347,
702,A24,12-Jan-04,401137.8172,
703,A25,3-Jan-04,228053.752,
704,A26,15-Jan-04,405900.5453,
705,A27,25-Jan-04,54855.52419,
706,A28,17-Jan-05,260066.6128,
707,A29,23-Feb-05,334841.2172,
708,A30,1-Feb-05,391397.7399,
709,A31,5-Feb-04,124198.3186,
710,A32,28-Feb-05,344517.9413,
711,A33,16-Feb-05,152675.5566,
712,A34,23-Feb-05,8875.927071,
713,A35,3-Feb-05,40880.66533,
714,A36,4-Feb-06,171472.4029,
715,A37,25-Mar-06,499344.9402,
716,A38,31-Mar-06,17415.70533,
717,A39,23-Mar-06,84237.17368,
718,A40,19-Mar-04,449060.9196,
719,A41,5-Mar-06,263495.0903,
720,A42,4-Apr-05,252036.6014,
721,A43,30-Apr-06,98224.22269,
722,A44,25-Apr-04,66678.64786,
723,A45,19-Apr-06,496519.6605,
724,A46,6-Apr-04,479354.8132,
725,A47,27-Apr-05,221609.7611,
726,A48,5-May-04,159747.7618,
727,A49,6-May-06,423933.6213,
728,A21,7-May-05,252487.8478,
729,A22,8-May-06,497163.5294,
730,A23,9-May-05,149710.7119,
731,A24,10-May-06,378500.6954,
732,A25,11-Jul-06,97198.6064,
733,A26,12-Aug-05,107207.2796,
734,A27,5-May-04,78726.42872,
735,A28,6-May-06,231553.1011,
736,A29,7-May-05,225241.1879,
737,A30,8-May-06,462302.9786,
738,A31,9-May-05,32331.10406,
739,A32,10-May-06,181465.0136,
740,A33,11-Jul-06,431736.4286,
741,A34,12-Aug-05,38898.96589,
742,A35,13-Sep-04,341349.5448,
743,A36,20-Nov-05,374940.4152,
744,A37,21-Nov-06,439443.1955,
745,A38,22-Nov-05,291899.6606,
746,A39,23-Nov-04,227648.5498,
747,A40,24-May-05,46010.31189,
748,A41,25-May-05,218450.9685,
749,A42,26-May-05,235161.2252,
750,A43,27-May-05,299022.7251,
751,A44,28-May-05,424716.6232,
752,A45,29-May-05,96137.16758,
753,A46,30-May-05,107831.524,
754,A47,31-May-05,419779.7189,
755,A48,1-Jun-05,470948.2741,
756,A49,2-Jun-05,392247.6378,
757,A21,3-Jun-05,486610.1564,
758,A22,3-Jul-05,326352.3457,
759,A23,3-Aug-05,141627.2701,
760,A24,3-Sep-05,91333.61444,
761,A25,3-Oct-05,79598.85386,
762,A26,3-Nov-05,230338.0579,
763,A27,3-Dec-05,95633.06543,
764,A28,3-Jan-06,320582.1802,
765,A29,3-Feb-06,368324.2714,
766,A30,3-Mar-06,491672.7771,
767,A31,3-Apr-06,224749.1203,
768,A32,3-May-06,332128.3956,
769,A33,3-Jun-06,61663.30847,
770,A34,3-Jul-06,412975.5268,
771,A35,3-Aug-06,38422.88688,
772,A36,3-Sep-06,370227.3735,
773,A37,3-Oct-06,261453.5994,
774,A38,3-Nov-06,133395.4076,
775,A39,3-Dec-06,136117.1011,
776,A40,12-Jan-04,93199.56857,
777,A41,3-Jan-04,427394.437,
778,A42,15-Jan-04,193358.6817,
779,A43,25-Jan-04,404037.2377,
780,A44,17-Jan-05,389199.0461,
781,A45,23-Feb-05,457683.6026,
782,A46,1-Feb-05,447790.8764,
783,A47,5-Feb-04,79890.74039,
784,A48,28-Feb-05,85383.94017,
785,A49,16-Feb-05,302288.142,
786,A21,23-Feb-05,384602.058,
787,A22,3-Feb-05,466747.7382,
788,A23,4-Feb-06,88559.14692,
789,A24,25-Mar-06,19670.80492,
790,A25,31-Mar-06,412885.5246,
791,A26,23-Mar-06,407922.1684,
792,A27,24-Mar-06,440311.0868,
793,A28,25-Mar-06,392687.17,
794,A29,26-Mar-06,188041.5635,
795,A30,27-Mar-06,212196.5211,
796,A31,28-Mar-06,303562.6115,
797,A32,29-Mar-06,21181.09842,
798,A33,30-Mar-06,388441.9078,
799,A34,31-Mar-06,17308.3232,
800,A35,1-Apr-06,465920.0544,
801,A36,2-Apr-06,227890.1564,
802,A37,3-Apr-06,90265.6045,
803,A38,4-Apr-06,285013.3855,
804,A39,12-Jan-04,350733.7455,
805,A40,3-Jan-04,406899.6265,
806,A41,15-Jan-04,363212.2772,
807,A42,25-Jan-04,172758.8407,
808,A43,12-Jan-04,463183.3303,
809,A44,3-Jan-04,142562.1089,
810,A45,15-Jan-04,57789.33173,
811,A46,25-Jan-04,415971.4131,
812,A47,12-Jan-04,199147.2225,
813,A48,3-Jan-04,295238.0121,
814,A49,15-Jan-04,477431.6913,
815,A21,25-Jan-04,5831.580843,
816,A22,12-Jan-04,306358.6698,
817,A23,3-Jan-04,126415.1528,
818,A24,15-Jan-04,355564.944,
819,A25,12-Jan-04,181576.4974,
820,A26,3-Jan-04,292867.8308,
821,A27,15-Jan-04,490914.1497,
822,A28,25-Jan-04,59994.37835,
823,A29,17-Jan-05,418608.365,
824,A30,23-Feb-05,493430.2573,
825,A31,1-Feb-05,10239.54332,
826,A32,5-Feb-04,463114.5575,
827,A33,28-Feb-05,475280.972,
828,A34,16-Feb-05,353883.8154,
829,A35,23-Feb-05,460680.556,
830,A36,3-Feb-05,108422.8005,
831,A37,4-Feb-06,239005.4595,
832,A38,25-Mar-06,248684.9793,
833,A39,31-Mar-06,308195.7644,
834,A40,23-Mar-06,337823.7153,
835,A41,19-Mar-04,465141.0571,
836,A42,5-Mar-06,215361.3008,
837,A43,4-Apr-05,438606.9309,
838,A44,30-Apr-06,426587.8867,
839,A45,25-Apr-04,101835.4621,
840,A46,19-Apr-06,418880.8946,
841,A47,6-Apr-04,164009.6128,
842,A48,27-Apr-05,370687.5488,
843,A49,5-May-04,61077.47491,
844,A21,6-May-06,254396.6304,
845,A22,7-May-05,287072.1894,
846,A23,8-May-06,284087.6765,
847,A24,9-May-05,102219.7972,
848,A25,10-May-06,10440.87378,
849,A26,11-Jul-06,210609.3735,
850,A27,12-Aug-05,467152.7723,
851,A28,5-May-04,19689.02485,
852,A29,6-May-06,397962.9189,
853,A30,7-May-05,193299.1371,
854,A31,8-May-06,312593.3758,
855,A32,9-May-05,195384.6094,
856,A33,10-May-06,439496.0763,
857,A34,11-Jul-06,326378.1044,
858,A35,12-Aug-05,458103.8211,
859,A36,13-Sep-04,256934.9537,
860,A37,20-Nov-05,415835.5442,
861,A38,21-Nov-06,327834.4544,
862,A39,22-Nov-05,136498.5229,
863,A40,23-Nov-04,8332.265099,
864,A41,24-May-05,84179.86113,
865,A42,25-May-05,174805.2307,
866,A43,26-May-05,329913.6551,
867,A44,27-May-05,191027.7242,
868,A45,28-May-05,438013.0183,
869,A46,29-May-05,216548.1205,
870,A47,30-May-05,322633.9499,
871,A48,31-May-05,345003.0236,
872,A49,1-Jun-05,482088.1281,
873,A21,2-Jun-05,238257.5571,
874,A22,3-Jun-05,166362.0389,
875,A23,3-Jul-05,203389.9564,
876,A24,3-Aug-05,395880.7228,
877,A25,3-Sep-05,90216.00479,
878,A26,3-Oct-05,120080.7861,
879,A27,3-Nov-05,430278.5413,
880,A28,3-Dec-05,323231.1232,
881,A29,3-Jan-06,80511.20318,
882,A30,3-Feb-06,243401.1931,
883,A31,3-Mar-06,392464.8422,
884,A32,3-Apr-06,119988.5715,
885,A33,3-May-06,342786.7518,
886,A34,3-Jun-06,158316.3394,
887,A35,3-Jul-06,457997.8381,
888,A36,3-Aug-06,40843.84799,
889,A37,3-Sep-06,112081.1649,
890,A38,3-Oct-06,86343.42225,
891,A39,3-Nov-06,358871.1794,
892,A40,3-Dec-06,349713.071,
893,A41,12-Jan-04,149790.899,
894,A42,3-Jan-04,204382.6804,
895,A43,15-Jan-04,117624.866,
896,A44,25-Jan-04,66425.34552,
897,A45,17-Jan-05,228547.7813,
898,A46,23-Feb-05,46468.72103,
899,A47,1-Feb-05,422013.6248,
900,A48,5-Feb-04,294439.8826,
901,A49,28-Feb-05,71022.86305,
902,A21,16-Feb-05,15588.77701,
903,A22,23-Feb-05,402990.6183,
904,A23,3-Feb-05,29887.56921,
905,A24,4-Feb-06,404104.0204,
906,A25,25-Mar-06,399392.312,
907,A26,31-Mar-06,111176.727,
908,A27,23-Mar-06,194559.9664,
909,A28,24-Mar-06,384651.5188,
910,A29,25-Mar-06,315093.7647,
911,A30,26-Mar-06,138555.2529,
912,A31,27-Mar-06,55215.45323,
913,A32,28-Mar-06,301861.3712,
914,A33,29-Mar-06,328257.9604,
915,A34,30-Mar-06,56654.19626,
916,A35,31-Mar-06,471746.7373,
917,A36,1-Apr-06,267733.7872,
918,A37,2-Apr-06,302098.1696,
919,A38,3-Apr-06,468720.5411,
920,A39,4-Apr-06,299067.4279,
921,A40,12-Jan-04,134485.6322,
922,A41,3-Jan-04,296358.2057,
923,A42,15-Jan-04,161906.6174,
924,A43,25-Jan-04,338658.7321,
925,A44,12-Jan-04,103151.2086,
926,A45,3-Jan-04,179756.3906,
927,A46,15-Jan-04,277429.1712,
928,A47,25-Jan-04,222105.341,
929,A48,12-Jan-04,296934.6406,
930,A49,3-Jan-04,121356.8902,
931,A21,15-Jan-04,53734.22774,
932,A22,25-Jan-04,483934.1788,
933,A23,12-Jan-04,404934.2648,
934,A24,3-Jan-04,6377.562566,
935,A25,15-Jan-04,424545.9322,
936,A26,12-Jan-04,367548.556,
937,A27,3-Jan-04,317763.1217,
938,A28,15-Jan-04,139021.3212,
939,A29,25-Jan-04,21159.40304,
940,A30,17-Jan-05,342555.3163,
941,A31,23-Feb-05,321515.9211,
942,A32,1-Feb-05,14146.73275,
943,A33,5-Feb-04,382097.5135,
944,A34,28-Feb-05,194770.5071,
945,A35,16-Feb-05,228480.6997,
946,A36,23-Feb-05,24102.32269,
947,A37,3-Feb-05,423625.1363,
948,A38,4-Feb-06,279274.0038,
949,A39,25-Mar-06,282014.8967,
950,A40,31-Mar-06,465872.2532,
951,A41,23-Mar-06,39701.74914,
952,A42,19-Mar-04,196318.1752,
953,A43,5-Mar-06,101746.7214,
954,A44,4-Apr-05,89550.73894,
955,A45,30-Apr-06,418891.8619,
956,A46,25-Apr-04,454279.169,
957,A47,19-Apr-06,465503.8218,
958,A48,6-Apr-04,75789.96394,
959,A49,27-Apr-05,435564.8219,
960,A21,5-May-04,212026.7648,
961,A22,6-May-06,128466.255,
962,A23,7-May-05,136938.7835,
963,A24,8-May-06,25094.18413,
964,A25,9-May-05,161906.3717,
965,A26,10-May-06,3144.482614,
966,A27,11-Jul-06,450349.6643,
967,A28,12-Aug-05,95563.99718,
968,A29,5-May-04,74815.82799,
969,A30,6-May-06,7299.878589,
970,A31,7-May-05,178430.6125,
971,A32,8-May-06,443322.454,
972,A33,9-May-05,155589.981,
973,A34,10-May-06,308010.8141,
974,A35,11-Jul-06,412538.057,
975,A36,12-Aug-05,313948.4029,
976,A37,13-Sep-04,416225.4704,
977,A38,20-Nov-05,357702.3757,
978,A39,21-Nov-06,384311.4153,
979,A40,22-Nov-05,481736.7893,
980,A41,23-Nov-04,39726.44468,
981,A42,24-May-05,218088.3092,
982,A43,25-May-05,309647.5151,
983,A44,26-May-05,300323.5723,
984,A45,27-May-05,228549.29,
985,A46,28-May-05,158685.7979,
986,A47,29-May-05,345801.8365,
987,A48,30-May-05,406645.9772,
988,A49,31-May-05,277304.0576,
989,A36,1-Jun-05,290204.9833,
990,A37,2-Jun-05,375407.2419,
991,A38,3-Jun-05,203197.0076,
992,A39,3-Jul-05,333629.5134,
993,A40,3-Aug-05,162088.6423,
994,A41,3-Sep-05,430357.1846,
995,A42,3-Oct-05,143127.4309,
996,A43,3-Nov-05,358721.0106,
997,A44,3-Dec-05,476157.3524,
998,A45,3-Jan-06,223942.6593,
999,A46,3-Feb-06,100631.7116,
1000,A47,3-Mar-06,105314.8923,
1001,A48,3-Apr-06,16066.5055,
1002,A49,3-May-06,322330.2089,
1003,A50,3-Jun-06,352473.7582,
1004,A51,3-Jul-06,27884.0809,
1005,A52,3-Aug-06,238407.2342,
1006,A53,3-Sep-06,398869.2125,
1007,A54,3-Oct-06,142954.167,
1008,A55,3-Nov-06,99262.43264,
1009,A56,3-Dec-06,443880.4493,
1010,A57,12-Jan-04,419293.6459,
1011,A58,3-Jan-04,362467.2098,
1012,A59,15-Jan-04,487209.2133,
1013,A60,25-Jan-04,149751.1809,
1014,A61,17-Jan-05,336470.5698,
1015,A60,23-Feb-05,426870.691,
1016,A61,1-Feb-05,319525.476,
1017,A62,5-Feb-04,128710.3436,
1018,A36,28-Feb-05,106495.2412,
1019,A37,16-Feb-05,431645.3381,
1020,A38,23-Feb-05,155832.2344,
1021,A39,3-Feb-05,166897.8714,
1022,A40,4-Feb-06,324868.239,
1023,A41,25-Mar-06,103506.8089,
1024,A42,31-Mar-06,260025.2911,
1025,A43,23-Mar-06,39962.53725,
1026,A44,24-Mar-06,433223.5915,
1027,A45,25-Mar-06,408920.873,
1028,A46,26-Mar-06,389163.8763,
1029,A47,27-Mar-06,170581.8125,
1030,A48,28-Mar-06,161683.6567,
1031,A49,29-Mar-06,430471.991,
1032,A50,30-Mar-06,194691.7759,
1033,A51,31-Mar-06,3811.767838,
1034,A52,1-Apr-06,370123.6927,
1035,A53,2-Apr-06,366043.9846,
1036,A54,3-Apr-06,83599.32815,
1037,A55,4-Apr-06,327138.4015,
1038,A56,12-Jan-04,129018.4005,
1039,A57,3-Jan-04,473547.1176,
1040,A58,15-Jan-04,59838.29008,
1041,A59,25-Jan-04,195844.5849,
1042,A60,12-Jan-04,296377.1028,
1043,A61,3-Jan-04,267753.1541,
1044,A60,15-Jan-04,423465.1437,
1045,A61,25-Jan-04,50704.1824,
1046,A62,12-Jan-04,270745.081,
1047,A36,3-Jan-04,17794.19765,
1048,A37,15-Jan-04,99462.97318,
1049,A38,25-Jan-04,36864.2117,
1050,A39,12-Jan-04,160617.3919,
1051,A40,3-Jan-04,325446.0661,
1052,A41,15-Jan-04,472718.0252,
1053,A42,12-Jan-04,291093.2562,
1054,A43,3-Jan-04,327758.867,
1055,A44,15-Jan-04,442509.1101,
1056,A45,25-Jan-04,271127.4387,
1057,A46,17-Jan-05,386136.8606,
1058,A47,23-Feb-05,468482.5386,
1059,A48,1-Feb-05,118807.3426,
1060,A49,5-Feb-04,360129.986,
1061,A50,28-Feb-05,284984.0521,
1062,A51,16-Feb-05,439914.1271,
1063,A52,23-Feb-05,13412.81183,
1064,A53,3-Feb-05,234067.7522,
1065,A54,4-Feb-06,323101.2671,
1066,A55,25-Mar-06,285539.0528,
1067,A56,31-Mar-06,457523.3886,
1068,A57,23-Mar-06,366406.9043,
1069,A58,19-Mar-04,304693.8455,
1070,A59,5-Mar-06,180556.0735,
1071,A60,4-Apr-05,6227.291834,
1072,A61,30-Apr-06,7568.560403,
1073,A60,25-Apr-04,161685.024,
1074,A61,19-Apr-06,294622.8244,
1075,A62,6-Apr-04,197588.9839,
1076,A36,27-Apr-05,246803.6204,
1077,A37,5-May-04,247533.4847,
1078,A38,6-May-06,420208.3655,
1079,A39,7-May-05,258819.7288,
1080,A40,8-May-06,428659.2673,
1081,A41,9-May-05,292126.4651,
1082,A42,10-May-06,12995.29699,
1083,A43,11-Jul-06,170642.324,
1084,A44,12-Aug-05,292050.8168,
1085,A45,5-May-04,483513.9223,
1086,A46,6-May-06,111163.3762,
1087,A47,7-May-05,108172.722,
1088,A48,8-May-06,208086.6948,
1089,A49,9-May-05,429354.6295,
1090,A50,10-May-06,172176.8825,
1091,A51,11-Jul-06,32382.18141,
1092,A52,12-Aug-05,289487.4504,
1093,A53,13-Sep-04,414898.0884,
1094,A54,20-Nov-05,197851.3624,
1095,A55,21-Nov-06,1128.94959,
1096,A56,22-Nov-05,315751.0349,
1097,A57,23-Nov-04,51232.58888,
1098,A58,24-May-05,277718.5731,
1099,A59,25-May-05,12002.04906,
1100,A60,26-May-05,345410.49,
1101,A61,27-May-05,321035.9749,
1102,A60,28-May-05,27415.26107,
1103,A61,29-May-05,139037.7825,
1104,A62,30-May-05,227217.9183,
1105,A36,31-May-05,122960.5455,
1106,A37,1-Jun-05,384928.0719,
1107,A38,2-Jun-05,284917.5849,
1108,A39,3-Jun-05,331467.3528,
1109,A40,3-Jul-05,304270.4418,
1110,A41,3-Aug-05,190057.8354,
1111,A42,3-Sep-05,298821.0175,
1112,A43,3-Oct-05,326908.2193,
1113,A44,3-Nov-05,57724.77013,
1114,A45,3-Dec-05,260353.7119,
1115,A46,3-Jan-06,319323.3139,
1116,A47,3-Feb-06,356148.8272,
1117,A48,3-Mar-06,90319.39603,
1118,A49,3-Apr-06,340318.0696,
1119,A50,3-May-06,210221.9767,
1120,A51,3-Jun-06,131169.91,
1121,A52,3-Jul-06,224665.5484,
1122,A53,3-Aug-06,30235.73143,
1123,A54,3-Sep-06,245305.4518,
1124,A55,3-Oct-06,151774.7006,
1125,A56,3-Nov-06,70304.57243,
1126,A57,3-Dec-06,282263.057,
1127,A58,12-Jan-04,377727.9633,
1128,A59,3-Jan-04,409174.6858,
1129,A60,15-Jan-04,462176.1361,
1130,A61,25-Jan-04,383315.1166,
1131,A60,17-Jan-05,165421.9255,
1132,A61,23-Feb-05,466394.6695,
1133,A62,1-Feb-05,496662.7675,
1134,A36,5-Feb-04,81492.57262,
1135,A37,28-Feb-05,25114.2878,
1136,A38,16-Feb-05,60363.29242,
1137,A39,23-Feb-05,415094.0573,
1138,A40,3-Feb-05,79113.52697,
1139,A41,4-Feb-06,426632.8059,
1140,A42,25-Mar-06,26942.17212,
1141,A43,31-Mar-06,349145.193,
1142,A44,23-Mar-06,132092.0894,
1143,A45,24-Mar-06,104592.751,
1144,A46,25-Mar-06,253398.0929,
1145,A47,26-Mar-06,492785.6734,
1146,A48,27-Mar-06,164153.2018,
1147,A49,28-Mar-06,226780.4232,
1148,A50,29-Mar-06,39376.39919,
1149,A51,30-Mar-06,238903.9743,
1150,A52,31-Mar-06,260260.3348,
1151,A53,1-Apr-06,149485.2241,
1152,A54,2-Apr-06,322715.7669,
1153,A55,3-Apr-06,429089.3372,
1154,A56,4-Apr-06,366344.1967,
1155,A57,12-Jan-04,331551.0248,
1156,A58,3-Jan-04,176385.3686,
1157,A59,15-Jan-04,349259.2093,
1158,A60,25-Jan-04,182293.2137,
1159,A61,12-Jan-04,301807.5427,
1160,A60,3-Jan-04,160288.8212,
1161,A61,15-Jan-04,303692.5662,
1162,A62,25-Jan-04,317899.8503,
1163,A36,12-Jan-04,494638.448,
1164,A37,3-Jan-04,107253.777,
1165,A38,15-Jan-04,312309.5659,
1166,A39,25-Jan-04,292273.8796,
1167,A40,12-Jan-04,350966.4573,
1168,A41,3-Jan-04,376903.7445,
1169,A42,15-Jan-04,347805.9788,
1170,A43,12-Jan-04,217450.8555,
1171,A44,3-Jan-04,224646.6685,
1172,A45,15-Jan-04,401728.9234,
1173,A46,25-Jan-04,229289.2562,
1174,A47,17-Jan-05,450851.9574,
1175,A48,23-Feb-05,231176.5777,
1176,A49,1-Feb-05,153704.906,
1177,A50,5-Feb-04,28338.13533,
1178,A51,28-Feb-05,106383.6664,
1179,A52,16-Feb-05,109274.0677,
1180,A53,23-Feb-05,40156.10407,
1181,A54,3-Feb-05,29027.37901,
1182,A55,4-Feb-06,241514.4742,
1183,A56,25-Mar-06,363672.6749,
1184,A57,31-Mar-06,354957.6598,
1185,A58,23-Mar-06,226462.4913,
1186,A59,19-Mar-04,222355.3626,
1187,A60,5-Mar-06,108206.2556,
1188,A61,4-Apr-05,1609.898995,
1189,A60,30-Apr-06,430812.9517,
1190,A61,25-Apr-04,353682.9598,
1191,A62,19-Apr-06,358989.6362,
1192,A36,6-Apr-04,33219.17251,
1193,A37,27-Apr-05,71602.69865,
1194,A38,5-May-04,98551.40461,
1195,A39,6-May-06,289826.9876,
1196,A40,7-May-05,219167.5834,
1197,A41,8-May-06,494209.23,
1198,A42,9-May-05,229297.9011,
1199,A43,10-May-06,368717.1824,
1200,A44,11-Jul-06,361375.7841,
1201,A45,12-Aug-05,262754.5511,
1202,A46,17-Jan-05,7356.64312,
1203,A47,23-Feb-05,184357.0774,
1204,A48,1-Feb-05,154746.6213,
1205,A49,5-Feb-04,278446.0861,
1206,A50,28-Feb-05,69518.94945,
1207,A51,16-Feb-05,299918.1494,
1208,A52,23-Feb-05,243407.3531,
1209,A53,3-Feb-05,264068.2905,
1210,A54,4-Feb-06,373264.9081,
1211,A55,25-Mar-06,469265.9621,
1212,A56,31-Mar-06,232229.7985,
1213,A57,23-Mar-06,47097.90452,
1214,A58,19-Mar-04,218305.461,
1215,A59,5-Mar-06,218720.8264,
1216,A60,4-Apr-05,195590.0924,
1217,A61,30-Apr-06,177525.3444,
1218,A60,25-Apr-04,331218.6845,
1219,A61,19-Apr-06,102733.9118,
1220,A62,6-Apr-04,488506.3178,
1221,A36,27-Apr-05,169299.1726,
1222,A37,5-May-04,150921.8941,
1223,A38,6-May-06,331885.7403,
1224,A39,7-May-05,248595.1294,
1225,A40,8-May-06,495987.0982,
1226,A41,9-May-05,196302.2691,
1227,A42,10-May-06,285432.7897,
1228,A43,11-Jul-06,127468.2011,
1229,A44,12-Aug-05,281157.5376,
1230,A45,13-Sep-04,116770.113,
1231,A46,20-Nov-05,129690.8661,
1232,A47,21-Nov-06,209539.8157,
1233,A48,22-Nov-05,445928.6987,
1234,A49,23-Nov-04,160964.1495,
1235,A50,24-May-05,276972.0534,
1236,A51,25-May-05,479889.2775,
1237,A52,26-May-05,408874.7156,
1238,A53,27-May-05,140801.1995,
1239,A54,28-May-05,221351.8419,
1240,A55,29-May-05,77368.99404,
1241,A56,30-May-05,284477.8516,
1242,A57,31-May-05,330030.9122,
1243,A58,1-Jun-05,370792.3052,
1244,A59,2-Jun-05,1545.26795,
1245,A60,3-Jun-05,51389.44598,
1246,A61,3-Jul-05,230477.2611,
1247,A60,3-Aug-05,316451.486,
1248,A61,3-Sep-05,365001.9471,
1249,A62,3-Oct-05,326229.4265,
1250,A36,3-Nov-05,458347.2709,
1251,A37,3-Dec-05,444562.797,
1252,A38,3-Jan-06,62466.39992,
1253,A39,3-Feb-06,81087.01452,
1254,A40,3-Mar-06,445597.4176,
1255,A41,3-Apr-06,441063.7148,
1256,A42,3-May-06,347370.8025,
1257,A43,3-Jun-06,420480.5063,
1258,A44,3-Jul-06,32855.50178,
1259,A45,3-Aug-06,192079.7921,
1260,A46,3-Sep-06,53219.25299,
1261,A47,3-Oct-06,218986.4824,
1262,A48,3-Nov-06,419416.6766,
1263,A49,3-Dec-06,154390.3689,
1264,A50,12-Jan-04,321916.5598,
1265,A51,3-Jan-04,69397.97169,
1266,A52,15-Jan-04,404922.8526,
1267,A53,25-Jan-04,81548.46671,
1268,A54,17-Jan-05,300908.5505,
1269,A55,23-Feb-05,387677.5779,
1270,A56,1-Feb-05,486354.9523,
1271,A57,5-Feb-04,94549.89619,
1272,A58,28-Feb-05,245106.9588,
1273,A59,16-Feb-05,470960.2844,
1274,A60,23-Feb-05,318539.587,
1275,A61,3-Feb-05,171999.8657,
1276,A60,4-Feb-06,406995.5842,
1277,A61,25-Mar-06,149290.5024,
1278,A62,31-Mar-06,234889.2447,
1279,A36,23-Mar-06,122252.6215,
1280,A37,24-Mar-06,146967.8438,
1281,A38,25-Mar-06,72349.37014,
1282,A39,26-Mar-06,364874.8528,
1283,A40,27-Mar-06,441003.4622,
1284,A41,28-Mar-06,212603.6048,
1285,A42,29-Mar-06,320594.3949,
1286,A43,30-Mar-06,372535.4947,
1287,A44,31-Mar-06,304870.2769,
1288,A45,1-Apr-06,160215.4357,
1289,A46,2-Apr-06,350864.1573,
1290,A47,3-Apr-06,99690.22865,
1291,A48,4-Apr-06,76770.95748,
1292,A49,12-Jan-04,299345.008,
1293,A50,3-Jan-04,23134.66212,
1294,A51,15-Jan-04,90563.31149,
1295,A52,25-Jan-04,182284.4373,
1296,A53,12-Jan-04,229833.0038,
1297,A54,3-Jan-04,206793.3088,
1298,A55,15-Jan-04,193766.7934,
1299,A56,25-Jan-04,225792.7608,
1300,A57,12-Jan-04,148440.2149,
1301,A58,3-Jan-04,224730.3188,
1302,A59,15-Jan-04,165158.3849,
1303,A60,25-Jan-04,213278.3576,
1304,A61,12-Jan-04,32750.13388,
1305,A60,3-Jan-04,97849.09788,
1306,A61,15-Jan-04,224523.4821,
1307,A62,12-Jan-04,266240.1808,
1308,A36,3-Jan-04,246358.8702,
1309,A37,15-Jan-04,259997.079,
1310,A38,25-Jan-04,77961.42215,
1311,A39,17-Jan-05,365171.9479,
1312,A40,23-Feb-05,268825.8944,
1313,A41,1-Feb-05,334706.1245,
1314,A42,5-Feb-04,48727.26107,
1315,A43,28-Feb-05,84496.23381,
1316,A44,16-Feb-05,433690.5126,
1317,A45,23-Feb-05,185340.434,
1318,A46,3-Feb-05,165401.6761,
1319,A47,4-Feb-06,454932.9761,
1320,A48,25-Mar-06,474001.4308,
1321,A49,31-Mar-06,294519.3013,
1322,A50,23-Mar-06,416056.5281,
1323,A51,19-Mar-04,302975.5031,
1324,A52,5-Mar-06,323338.8657,
1325,A53,4-Apr-05,144251.7227,
1326,A54,30-Apr-06,407409.8812,
1327,A55,25-Apr-04,611.0436282,
1328,A56,19-Apr-06,493029.5478,
1329,A57,6-Apr-04,163775.4752,
1330,A58,27-Apr-05,49579.25031,
1331,A59,5-May-04,131796.7248,
1332,A60,6-May-06,128688.2012,
1333,A61,7-May-05,130548.1246,
1334,A60,8-May-06,139619.4725,
1335,A61,9-May-05,233684.546,
1336,A62,10-May-06,125255.492,
1337,A36,11-Jul-06,188320.607,
1338,A37,12-Aug-05,330665.4129,
1339,A38,13-Sep-04,423788.0206,
1340,A39,20-Nov-05,440151.0182,
1341,A40,21-Nov-06,108020.4101,
1342,A41,22-Nov-05,57821.17605,
1343,A42,23-Nov-04,211810.2509,
1344,A43,24-May-05,322598.7814,
1345,A44,25-May-05,285341.1887,
1346,A45,5-May-04,291580.1844,
1347,A46,6-May-06,425560.0537,
1348,A47,7-May-05,292864.9458,
1349,A48,8-May-06,441733.897,
1350,A49,9-May-05,65584.82912,
1351,A50,10-May-06,261700.6155,
1352,A51,11-Jul-06,183209.7231,
1353,A52,12-Aug-05,207385.3533,
1354,A53,13-Sep-04,368833.2115,
1355,A54,20-Nov-05,120536.9011,
1356,A55,21-Nov-06,98069.00332,
1357,A56,22-Nov-05,237208.5447,
1358,A57,23-Nov-04,361150.9666,
1359,A58,24-May-05,45930.30564,
1360,A59,25-May-05,87222.80627,
1361,A60,26-May-05,399677.8353,
1362,A61,27-May-05,348215.867,
1363,A60,17-Jan-05,108818.2934,
1364,A61,23-Feb-05,160673.5924,
1365,A62,1-Feb-05,115153.8223,
1366,A36,5-Feb-04,172322.4468,
1367,A37,28-Feb-05,251063.2819,
1368,A38,16-Feb-05,225089.0117,
1369,A39,23-Feb-05,79006.47925,
1370,A40,3-Feb-05,471500.5704,
1371,A41,4-Feb-06,117008.1942,
1372,A42,25-Mar-06,179811.5903,
1373,A43,31-Mar-06,259738.04,
1374,A44,23-Mar-06,15502.89867,
1375,A45,19-Mar-04,206685.8951,
1376,A46,5-Mar-06,373961.4565,
1377,A47,4-Apr-05,95348.35089,
1378,A48,30-Apr-06,285875.1349,
1379,A49,25-Apr-04,273633.0482,
1380,A50,19-Apr-06,372585.3088,
1381,A51,6-Apr-04,192085.7556,
1382,A52,27-Apr-05,236643.9192,
1383,A53,5-May-04,94186.52342,
1384,A54,6-May-06,77238.68888,
1385,A55,7-May-05,110268.0229,
1386,A56,8-May-06,238669.5872,
1387,A57,9-May-05,15627.71647,
1388,A58,10-May-06,235785.0901,
1389,A59,11-Jul-06,139114.2757,
1390,A60,12-Aug-05,200510.0397,
1391,A61,13-Sep-04,463968.8516,
1392,A60,20-Nov-05,109911.5659,
1393,A61,21-Nov-06,59218.12004,
1394,A62,22-Nov-05,462980.7015,
1395,A36,23-Nov-04,294181.4,
1396,A37,24-May-05,123280.9587,
1397,A38,25-May-05,169243.4983,
1398,A39,26-May-05,83875.62295,
1399,A40,27-May-05,1284.649513,
1400,A41,28-May-05,61463.96929,
1401,A42,29-May-05,55872.30584,
1402,A43,30-May-05,366202.0976,
1403,A44,31-May-05,81604.78648,
1404,A45,1-Jun-05,375091.4632,
1405,A46,2-Jun-05,802.2866563,
1406,A47,3-Jun-05,492921.555,
1407,A48,3-Jul-05,442356.1908,
1408,A49,3-Aug-05,247.0985854,
1409,A50,3-Sep-05,367193.8036,
1410,A51,3-Oct-05,109211.9988,
1411,A52,3-Nov-05,485447.9602,
1412,A53,3-Dec-05,458488.3896,
1413,A54,3-Jan-06,26300.27308,
1414,A55,3-Feb-06,32006.33407,
1415,A56,3-Mar-06,156684.787,
1416,A57,3-Apr-06,160781.6827,
1417,A58,3-May-06,368674.4074,
1418,A59,3-Jun-06,374430.9985,
1419,A60,3-Jul-06,301638.8896,
1420,A61,3-Aug-06,439891.0026,
1421,A60,3-Sep-06,326409.8032,
1422,A61,3-Oct-06,142271.8409,
1423,A62,3-Nov-06,328067.1008,
1424,A36,3-Dec-06,311014.851,
1425,A37,12-Jan-04,162229.3815,
1426,A38,3-Jan-04,175729.0332,
1427,A39,15-Jan-04,389068.3116,
1428,A40,25-Jan-04,460540.4939,
1429,A41,17-Jan-05,397982.8001,
1430,A42,23-Feb-05,281906.3527,
1431,A43,1-Feb-05,335876.2971,
1432,A44,5-Feb-04,329739.1897,
1433,A45,28-Feb-05,165474.8952,
1434,A46,16-Feb-05,28699.6239,
1435,A47,23-Feb-05,292406.181,
1436,A48,3-Feb-05,224201.4425,
1437,A49,4-Feb-06,369559.8583,
1438,A50,25-Mar-06,487274.6591,
1439,A51,31-Mar-06,56050.95332,
1440,A52,23-Mar-06,268702.6803,
1441,A53,24-Mar-06,352693.4644,
1442,A54,25-Mar-06,44073.59232,
1443,A55,26-Mar-06,241371.6663,
1444,A56,27-Mar-06,456291.7488,
1445,A57,28-Mar-06,79654.42874,
1446,A58,29-Mar-06,272190.2189,
1447,A59,30-Mar-06,178713.4804,
1448,A60,31-Mar-06,362498.5965,
1449,A61,1-Apr-06,499136.772,
1450,A60,2-Apr-06,172131.0718,
1451,A61,3-Apr-06,354490.8137,
1452,A62,4-Apr-06,277662.3671,
1453,A63,12-Jan-04,141361.8572,
1454,A36,3-Jan-04,119769.4576,
1455,A37,15-Jan-04,205771.0507,
1456,A38,25-Jan-04,339102.2416,
1457,A39,12-Jan-04,217380.2371,
1458,A40,3-Jan-04,177066.4851,
1459,A41,15-Jan-04,128032.7503,
1460,A42,25-Jan-04,334230.4966,
1461,A43,12-Jan-04,337499.1421,
1462,A44,3-Jan-04,416843.1903,
1463,A45,15-Jan-04,330102.435,
1464,A46,25-Jan-04,395197.1999,
1465,A47,12-Jan-04,263090.2308,
1466,A48,3-Jan-04,271408.5925,
1467,A49,15-Jan-04,322997.8133,
1468,A50,12-Jan-04,452548.3928,
1469,A51,3-Jan-04,265086.3089,
1470,A52,15-Jan-04,61370.01407,
1471,A53,25-Jan-04,494327.8181,
1472,A54,17-Jan-05,363912.4705,
1473,A55,23-Feb-05,14499.49429,
1474,A56,1-Feb-05,438997.059,
1475,A57,5-Feb-04,418331.5578,
1476,A58,28-Feb-05,471988.8857,
1477,A59,16-Feb-05,350609.3424,
1478,A60,23-Feb-05,117176.1654,
1479,A61,3-Feb-05,483835.0032,
1480,A60,4-Feb-06,315397.8424,
1481,A61,25-Mar-06,183.2182032,
1482,A62,31-Mar-06,61482.06997,
1483,A56,23-Mar-06,239945.3623,
1484,A57,19-Mar-04,491491.1122,
1485,A58,5-Mar-06,255751.7203,
1486,A59,4-Apr-05,294069.3835,
1487,A60,30-Apr-06,99971.50151,
1488,A61,25-Apr-04,233737.663,
1489,A60,19-Apr-06,492340.2623,
1490,A61,6-Apr-04,47988.23672,
1491,A62,27-Apr-05,227455.9138,
1492,A63,5-May-04,308213.7675,
1493,A64,6-May-06,333503.3592,
1494,A65,7-May-05,236963.95,
1495,A66,8-May-06,419497.9423,
1496,A67,9-May-05,200288.8741,
1497,A68,10-May-06,231194.7023,
1498,A69,11-Jul-06,391195.6158,
1499,A70,12-Aug-05,357629.6182,
1500,A71,13-Sep-04,179771.7452,
,,,,
,,,,
,,,,
,,,,
,,,,
,,,,
,,,,
,,,,
,,,,
,,,,
,,,,
,,,,
,,,,
,,,,
,,,,
,,,,
,,,,
,,,,
,,,,
,,,,
,,,,
,,,,
,,,,
